{
  "evaluation_summary": {
    "timestamp": "2025-08-10 01:13:04",
    "model_config": {
      "training": "{'device': 'cuda', 'mixed_precision': True, 'random_seed': 42, 'early_stopping_patience': 20}",
      "logging": "{'checkpoint_dir': 'checkpoints/colab_a100', 'log_dir': 'logs/colab_a100', 'use_tensorboard': True, 'use_wandb': False, 'wandb_project': 'abr-diffusion-colab', 'wandb_run_name': 'abr_colab_a100', 'log_interval': 50, 'val_preview_samples': 8}",
      "data": "{'path': 'data/processed/ultimate_dataset_with_clinical_thresholds.pkl', 'batch_size': 4, 'train_ratio': 0.7, 'val_ratio': 0.15, 'test_ratio': 0.15, 'num_workers': 8, 'pin_memory': True}",
      "model": "{'signal_length': 200, 'static_dim': 4, 'base_channels': 64, 'n_levels': 4, 'dropout': 0.1, 's4_state_size': 64, 'num_s4_layers': 2, 'num_transformer_layers': 2, 'num_heads': 8}",
      "diffusion": "{'schedule_type': 'cosine', 'num_timesteps': 1000}",
      "optimization": "{'epochs': 200, 'learning_rate': 0.0002, 'weight_decay': 0.0001, 'grad_clip_norm': 1.0, 'accumulation_steps': 1, 'warmup_epochs': 5, 'ema_decay': 0.999}"
    },
    "evaluation_metrics": {
      "mse": {
        "mean": 1.9085202991962433,
        "std": 0.10775348069401035,
        "min": 1.7680425643920898,
        "max": 2.1487226486206055,
        "median": 1.8634802103042603
      },
      "mae": {
        "mean": 1.127644670009613,
        "std": 0.03970215129820355,
        "min": 1.0730832815170288,
        "max": 1.228459358215332,
        "median": 1.1269220113754272
      },
      "rmse": {
        "mean": 1.3809529066085815,
        "std": 0.03859224707562262,
        "min": 1.3296775817871094,
        "max": 1.46585214138031,
        "median": 1.3650929927825928
      },
      "snr": {
        "mean": -2.8002313897013664,
        "std": 0.24027708254860136,
        "min": -3.3218038082122803,
        "max": -2.47492715716362,
        "median": -2.7032415568828583
      },
      "psnr": {
        "mean": -2.8002312183380127,
        "std": 0.24027708172798157,
        "min": -3.321803569793701,
        "max": -2.4749271869659424,
        "median": -2.7032413482666016
      },
      "amplitude_envelope_similarity": {
        "mean": 0.00337719532880058,
        "std": 0.0317863237089906,
        "min": -0.06073357333287997,
        "max": 0.055619692531366255,
        "median": 0.016203190837429257
      },
      "phase_coherence": {
        "mean": 0.3452822734913611,
        "std": 0.03448649213986614,
        "min": 0.2673444286984451,
        "max": 0.4039559909252549,
        "median": 0.35471727103511913
      },
      "correlation": {
        "pearson_r": {
          "mean": 0.03773988928053547,
          "std": 0.054524105748035075
        }
      },
      "frequency_response": {
        "frequency_mse": {
          "mean": 292.2687072753906,
          "std": 31.26297950744629
        }
      }
    },
    "generation_stats": {
      "sampling_steps": 50,
      "cfg_scale": 1.0,
      "generation_times": [
        5.971304893493652,
        5.785711288452148,
        5.84415602684021,
        5.7429399490356445
      ],
      "signal_properties": [
        {
          "rms": 0.9918465614318848,
          "peak_amplitude": 0.998119056224823,
          "dynamic_range": 1.9946868419647217,
          "mean_amplitude": -0.07017596065998077,
          "std_amplitude": 0.9893608689308167,
          "skewness": 0.14034320512029722,
          "kurtosis": -1.9802810973776346,
          "zero_crossings": 100,
          "total_energy": 196.75192260742188,
          "signal_power": 0.9837596416473389,
          "dominant_frequency": 305.0,
          "bandwidth": 460.0
        },
        {
          "rms": 0.9914277195930481,
          "peak_amplitude": 0.997856616973877,
          "dynamic_range": 1.9934687614440918,
          "mean_amplitude": 0.1184658408164978,
          "std_amplitude": 0.9843244552612305,
          "skewness": -0.2417465041971543,
          "kurtosis": -1.9415392815332135,
          "zero_crossings": 114,
          "total_energy": 196.5857696533203,
          "signal_power": 0.9829288721084595,
          "dominant_frequency": 305.0,
          "bandwidth": 220.0
        },
        {
          "rms": 0.9915584921836853,
          "peak_amplitude": 0.9997285008430481,
          "dynamic_range": 1.998739242553711,
          "mean_amplitude": -0.09004512429237366,
          "std_amplitude": 0.9874614477157593,
          "skewness": 0.18073264362916291,
          "kurtosis": -1.9673190876735012,
          "zero_crossings": 116,
          "total_energy": 196.6376495361328,
          "signal_power": 0.983188271522522,
          "dominant_frequency": 425.0,
          "bandwidth": 225.0
        },
        {
          "rms": 0.9915265440940857,
          "peak_amplitude": 0.9974629878997803,
          "dynamic_range": 1.9912307262420654,
          "mean_amplitude": 0.029148221015930176,
          "std_amplitude": 0.9910979866981506,
          "skewness": -0.06002959157158243,
          "kurtosis": -1.9963824385226545,
          "zero_crossings": 114,
          "total_energy": 196.62496948242188,
          "signal_power": 0.983124852180481,
          "dominant_frequency": 220.0,
          "bandwidth": 215.0
        }
      ],
      "avg_generation_time": 5.836028039455414,
      "std_generation_time": 0.08596955773256898
    },
    "analysis_results": {}
  },
  "recommendations": [
    "Low SNR detected. Consider increasing training epochs or adjusting loss weighting.",
    "Low signal correlation. Consider improving model architecture or training data quality.",
    "Generation time is high. Consider using fewer DDIM steps or model optimization."
  ],
  "visualizations": [
    "evaluation_with_ema/plots/sample_comparisons.png",
    "evaluation_with_ema/plots/metrics_distribution.png"
  ]
}