mse,mae,rmse,snr,psnr,amplitude_envelope_similarity,phase_coherence,correlation,frequency_response
"{'mean': 1.9085202991962433, 'std': 0.10775348069401035, 'min': 1.7680425643920898, 'max': 2.1487226486206055, 'median': 1.8634802103042603}","{'mean': 1.127644670009613, 'std': 0.03970215129820355, 'min': 1.0730832815170288, 'max': 1.228459358215332, 'median': 1.1269220113754272}","{'mean': 1.3809529066085815, 'std': 0.03859224707562262, 'min': 1.3296775817871094, 'max': 1.46585214138031, 'median': 1.3650929927825928}","{'mean': -2.8002313897013664, 'std': 0.24027708254860136, 'min': -3.3218038082122803, 'max': -2.47492715716362, 'median': -2.7032415568828583}","{'mean': -2.8002312183380127, 'std': 0.24027708172798157, 'min': -3.321803569793701, 'max': -2.4749271869659424, 'median': -2.7032413482666016}","{'mean': 0.00337719532880058, 'std': 0.0317863237089906, 'min': -0.06073357333287997, 'max': 0.055619692531366255, 'median': 0.016203190837429257}","{'mean': 0.3452822734913611, 'std': 0.03448649213986614, 'min': 0.2673444286984451, 'max': 0.4039559909252549, 'median': 0.35471727103511913}","{'pearson_r': {'mean': 0.03773988928053547, 'std': 0.054524105748035075}}","{'frequency_mse': {'mean': 292.2687072753906, 'std': 31.26297950744629}}"
