{
  "evaluation_summary": {
    "timestamp": "2025-08-10 01:21:07",
    "model_config": {
      "training": "{'device': 'cuda', 'mixed_precision': True, 'random_seed': 42, 'early_stopping_patience': 20}",
      "logging": "{'checkpoint_dir': 'checkpoints/colab_a100', 'log_dir': 'logs/colab_a100', 'use_tensorboard': True, 'use_wandb': False, 'wandb_project': 'abr-diffusion-colab', 'wandb_run_name': 'abr_colab_a100', 'log_interval': 50, 'val_preview_samples': 8}",
      "data": "{'path': 'data/processed/ultimate_dataset_with_clinical_thresholds.pkl', 'batch_size': 4, 'train_ratio': 0.7, 'val_ratio': 0.15, 'test_ratio': 0.15, 'num_workers': 8, 'pin_memory': True}",
      "model": "{'signal_length': 200, 'static_dim': 4, 'base_channels': 64, 'n_levels': 4, 'dropout': 0.1, 's4_state_size': 64, 'num_s4_layers': 2, 'num_transformer_layers': 2, 'num_heads': 8}",
      "diffusion": "{'schedule_type': 'cosine', 'num_timesteps': 1000}",
      "optimization": "{'epochs': 200, 'learning_rate': 0.0002, 'weight_decay': 0.0001, 'grad_clip_norm': 1.0, 'accumulation_steps': 1, 'warmup_epochs': 5, 'ema_decay': 0.999}"
    },
    "evaluation_metrics": {
      "mse": {
        "mean": 1.9281526923179626,
        "std": 0.1268613279180468,
        "min": 1.6803184747695923,
        "max": 2.1384341716766357,
        "median": 1.9371682405471802
      },
      "mae": {
        "mean": 1.1343758702278137,
        "std": 0.047423128144900635,
        "min": 1.0511713027954102,
        "max": 1.2183908224105835,
        "median": 1.1325188279151917
      },
      "rmse": {
        "mean": 1.387824946641922,
        "std": 0.04576694653826109,
        "min": 1.2962709665298462,
        "max": 1.4623385667800903,
        "median": 1.3918216228485107
      },
      "snr": {
        "mean": -2.8419559821486473,
        "std": 0.28712607449429056,
        "min": -3.3009588718414307,
        "max": -2.2539161145687103,
        "median": -2.871669828891754
      },
      "psnr": {
        "mean": -2.841956377029419,
        "std": 0.2871260643005371,
        "min": -3.3009588718414307,
        "max": -2.253916025161743,
        "median": -2.8716697692871094
      },
      "amplitude_envelope_similarity": {
        "mean": -0.0033743547940110648,
        "std": 0.023820737447619797,
        "min": -0.05098840094884034,
        "max": 0.03902388763965402,
        "median": 0.0025336710265653805
      },
      "phase_coherence": {
        "mean": 0.34342010779152177,
        "std": 0.03750371810119352,
        "min": 0.26163340396943435,
        "max": 0.41906410375085534,
        "median": 0.3499566671291156
      },
      "correlation": {
        "pearson_r": {
          "mean": 0.02783594239825219,
          "std": 0.0642425027938998
        }
      },
      "frequency_response": {
        "frequency_mse": {
          "mean": 292.76153564453125,
          "std": 24.891618728637695
        }
      }
    },
    "generation_stats": {
      "sampling_steps": 50,
      "cfg_scale": 1.0,
      "generation_times": [
        5.956400156021118,
        5.959213018417358,
        7.269773244857788,
        6.041722774505615
      ],
      "signal_properties": [
        {
          "rms": 0.992011308670044,
          "peak_amplitude": 0.9973558783531189,
          "dynamic_range": 1.9926352500915527,
          "mean_amplitude": -0.07008633017539978,
          "std_amplitude": 0.9895322918891907,
          "skewness": 0.14033882845826104,
          "kurtosis": -1.9802746791649508,
          "zero_crossings": 102,
          "total_energy": 196.81727600097656,
          "signal_power": 0.9840863943099976,
          "dominant_frequency": 10.0,
          "bandwidth": 420.0
        },
        {
          "rms": 0.9917567372322083,
          "peak_amplitude": 0.9987751245498657,
          "dynamic_range": 1.9940407276153564,
          "mean_amplitude": -0.040360551327466965,
          "std_amplitude": 0.9909351468086243,
          "skewness": 0.08006051892593515,
          "kurtosis": -1.9935669306635182,
          "zero_crossings": 101,
          "total_energy": 196.71629333496094,
          "signal_power": 0.9835814833641052,
          "dominant_frequency": 400.0,
          "bandwidth": 270.0
        },
        {
          "rms": 0.9916319251060486,
          "peak_amplitude": 0.9994099140167236,
          "dynamic_range": 1.9942280054092407,
          "mean_amplitude": 0.12825357913970947,
          "std_amplitude": 0.9833030104637146,
          "skewness": -0.2622268309041256,
          "kurtosis": -1.9312199915970851,
          "zero_crossings": 102,
          "total_energy": 196.66677856445312,
          "signal_power": 0.9833338856697083,
          "dominant_frequency": 325.0,
          "bandwidth": 440.0
        },
        {
          "rms": 0.9917205572128296,
          "peak_amplitude": 0.9989306330680847,
          "dynamic_range": 1.9951905012130737,
          "mean_amplitude": -0.06027461215853691,
          "std_amplitude": 0.9898871779441833,
          "skewness": 0.1202159337025822,
          "kurtosis": -1.9855292552777992,
          "zero_crossings": 106,
          "total_energy": 196.70193481445312,
          "signal_power": 0.9835096597671509,
          "dominant_frequency": 215.0,
          "bandwidth": 355.0
        }
      ],
      "avg_generation_time": 6.30677729845047,
      "std_generation_time": 0.5570413279444474
    },
    "analysis_results": {}
  },
  "recommendations": [
    "Low SNR detected. Consider increasing training epochs or adjusting loss weighting.",
    "Low signal correlation. Consider improving model architecture or training data quality.",
    "Generation time is high. Consider using fewer DDIM steps or model optimization."
  ],
  "visualizations": [
    "evaluation_fixed_paradigm/plots/sample_comparisons.png",
    "evaluation_fixed_paradigm/plots/metrics_distribution.png"
  ]
}