mse,mae,rmse,snr,psnr,amplitude_envelope_similarity,phase_coherence,correlation,frequency_response
"{'mean': 1.9281526923179626, 'std': 0.1268613279180468, 'min': 1.6803184747695923, 'max': 2.1384341716766357, 'median': 1.9371682405471802}","{'mean': 1.1343758702278137, 'std': 0.047423128144900635, 'min': 1.0511713027954102, 'max': 1.2183908224105835, 'median': 1.1325188279151917}","{'mean': 1.387824946641922, 'std': 0.04576694653826109, 'min': 1.2962709665298462, 'max': 1.4623385667800903, 'median': 1.3918216228485107}","{'mean': -2.8419559821486473, 'std': 0.28712607449429056, 'min': -3.3009588718414307, 'max': -2.2539161145687103, 'median': -2.871669828891754}","{'mean': -2.841956377029419, 'std': 0.2871260643005371, 'min': -3.3009588718414307, 'max': -2.253916025161743, 'median': -2.8716697692871094}","{'mean': -0.0033743547940110648, 'std': 0.023820737447619797, 'min': -0.05098840094884034, 'max': 0.03902388763965402, 'median': 0.0025336710265653805}","{'mean': 0.34342010779152177, 'std': 0.03750371810119352, 'min': 0.26163340396943435, 'max': 0.41906410375085534, 'median': 0.3499566671291156}","{'pearson_r': {'mean': 0.02783594239825219, 'std': 0.0642425027938998}}","{'frequency_mse': {'mean': 292.76153564453125, 'std': 24.891618728637695}}"
