{
  "evaluation_summary": {
    "timestamp": "2025-08-10 02:27:05",
    "model_config": {
      "training": "{'device': 'cuda', 'mixed_precision': True, 'random_seed': 42, 'early_stopping_patience': 20}",
      "logging": "{'checkpoint_dir': 'checkpoints/colab_a100', 'log_dir': 'logs/colab_a100', 'use_tensorboard': True, 'use_wandb': False, 'wandb_project': 'abr-diffusion-colab', 'wandb_run_name': 'abr_colab_a100', 'log_interval': 50, 'val_preview_samples': 8}",
      "data": "{'path': 'data/processed/ultimate_dataset_with_clinical_thresholds.pkl', 'batch_size': 32, 'train_ratio': 0.7, 'val_ratio': 0.15, 'test_ratio': 0.15, 'num_workers': 8, 'pin_memory': True}",
      "model": "{'signal_length': 200, 'static_dim': 4, 'base_channels': 64, 'n_levels': 4, 'dropout': 0.1, 's4_state_size': 64, 'num_s4_layers': 2, 'num_transformer_layers': 2, 'num_heads': 8}",
      "diffusion": "{'schedule_type': 'cosine', 'num_timesteps': 1000}",
      "optimization": "{'epochs': 200, 'learning_rate': 0.0002, 'weight_decay': 0.0001, 'grad_clip_norm': 1.0, 'accumulation_steps': 1, 'warmup_epochs': 5, 'ema_decay': 0.999}"
    },
    "evaluation_metrics": {
      "mse": {
        "mean": 1.4774994554131158,
        "std": 0.6946009598614236,
        "min": 0.196925088763237,
        "max": 3.1280007362365723,
        "median": 1.4623233079910278
      },
      "mae": {
        "mean": 0.9733186114047255,
        "std": 0.2812059669890323,
        "min": 0.3360699713230133,
        "max": 1.665185809135437,
        "median": 0.9955081641674042
      },
      "rmse": {
        "mean": 1.176916659809649,
        "std": 0.30391878880787965,
        "min": 0.4437624216079712,
        "max": 1.768615484237671,
        "median": 1.2092593312263489
      },
      "snr": {
        "mean": -1.0815607243940966,
        "std": 2.5077923535781603,
        "min": -4.952668249607086,
        "max": 7.056989669799805,
        "median": -1.6503437608480453
      },
      "psnr": {
        "mean": -1.0815608501434326,
        "std": 2.5077924728393555,
        "min": -4.9526686668396,
        "max": 7.056989669799805,
        "median": -1.650343894958496
      },
      "amplitude_envelope_similarity": {
        "mean": 0.10777777047037593,
        "std": 0.24605791617193765,
        "min": -0.47653930712278414,
        "max": 0.6857203063492516,
        "median": 0.0937622086992857
      },
      "phase_coherence": {
        "mean": 0.369422108833849,
        "std": 0.1948508042875576,
        "min": -0.0141488405842074,
        "max": 0.8490092863731332,
        "median": 0.3496025218206505
      },
      "correlation": {
        "pearson_r": {
          "mean": 0.08130578270065061,
          "std": 0.4419063050219589
        }
      },
      "frequency_response": {
        "frequency_mse": {
          "mean": 62.17613983154297,
          "std": 35.197731018066406
        }
      }
    },
    "generation_stats": {
      "sampling_steps": 50,
      "cfg_scale": 1.0,
      "generation_times": [
        10.488574028015137,
        13.583308935165405,
        12.86961317062378,
        16.067277193069458,
        15.263921737670898,
        14.632977962493896,
        15.883847951889038,
        16.11702609062195,
        16.35827398300171,
        15.414545774459839,
        17.129820823669434,
        13.660274982452393,
        17.686552047729492,
        17.710958003997803,
        18.049979209899902,
        17.126828908920288,
        14.65201187133789,
        15.258761882781982,
        17.362873077392578,
        16.181886911392212
      ],
      "signal_properties": [
        {
          "rms": 0.8346500992774963,
          "peak_amplitude": 1.0,
          "dynamic_range": 2.0,
          "mean_amplitude": -0.02618156373500824,
          "std_amplitude": 0.8342393040657043,
          "skewness": 0.039378900513639126,
          "kurtosis": -1.760564168042922,
          "zero_crossings": 14,
          "total_energy": 139.32815551757812,
          "signal_power": 0.6966407895088196,
          "dominant_frequency": 5.0,
          "bandwidth": 0.0
        },
        {
          "rms": 0.7063250541687012,
          "peak_amplitude": 1.0,
          "dynamic_range": 2.0,
          "mean_amplitude": 0.021993447095155716,
          "std_amplitude": 0.705982506275177,
          "skewness": -0.15540428845045734,
          "kurtosis": -1.5304049597246767,
          "zero_crossings": 10,
          "total_energy": 99.77900695800781,
          "signal_power": 0.4988950490951538,
          "dominant_frequency": 5.0,
          "bandwidth": 0.0
        },
        {
          "rms": 0.6909446716308594,
          "peak_amplitude": 1.0,
          "dynamic_range": 2.0,
          "mean_amplitude": -0.03579889237880707,
          "std_amplitude": 0.6900166869163513,
          "skewness": 0.11643549085917855,
          "kurtosis": -1.341924536332809,
          "zero_crossings": 24,
          "total_energy": 95.48091125488281,
          "signal_power": 0.47740456461906433,
          "dominant_frequency": 5.0,
          "bandwidth": 15.0
        },
        {
          "rms": 0.8298487663269043,
          "peak_amplitude": 1.0,
          "dynamic_range": 2.0,
          "mean_amplitude": -0.01788221299648285,
          "std_amplitude": 0.8296560645103455,
          "skewness": 0.00961018081321473,
          "kurtosis": -1.765833818839362,
          "zero_crossings": 20,
          "total_energy": 137.72979736328125,
          "signal_power": 0.6886489987373352,
          "dominant_frequency": 15.0,
          "bandwidth": 0.0
        },
        {
          "rms": 0.8117684125900269,
          "peak_amplitude": 1.0,
          "dynamic_range": 1.999113917350769,
          "mean_amplitude": -0.009882049635052681,
          "std_amplitude": 0.8117082715034485,
          "skewness": -0.005232587357136149,
          "kurtosis": -1.7399166218506068,
          "zero_crossings": 4,
          "total_energy": 131.7935791015625,
          "signal_power": 0.658967912197113,
          "dominant_frequency": 5.0,
          "bandwidth": 0.0
        },
        {
          "rms": 0.8558797240257263,
          "peak_amplitude": 1.0,
          "dynamic_range": 2.0,
          "mean_amplitude": 0.0008105373126454651,
          "std_amplitude": 0.8558793663978577,
          "skewness": 0.03418559919362515,
          "kurtosis": -1.8289509479357995,
          "zero_crossings": 6,
          "total_energy": 146.50601196289062,
          "signal_power": 0.7325300574302673,
          "dominant_frequency": 5.0,
          "bandwidth": 0.0
        },
        {
          "rms": 0.7254490852355957,
          "peak_amplitude": 1.0,
          "dynamic_range": 1.997923731803894,
          "mean_amplitude": -0.005103845614939928,
          "std_amplitude": 0.7254311442375183,
          "skewness": 0.040227952473906106,
          "kurtosis": -1.5443947822624342,
          "zero_crossings": 14,
          "total_energy": 105.2552719116211,
          "signal_power": 0.5262763500213623,
          "dominant_frequency": 5.0,
          "bandwidth": 0.0
        },
        {
          "rms": 0.8060198426246643,
          "peak_amplitude": 1.0,
          "dynamic_range": 2.0,
          "mean_amplitude": -0.005296096671372652,
          "std_amplitude": 0.8060024380683899,
          "skewness": -0.03236506301327163,
          "kurtosis": -1.7107756778305427,
          "zero_crossings": 16,
          "total_energy": 129.93359375,
          "signal_power": 0.6496679782867432,
          "dominant_frequency": 5.0,
          "bandwidth": 0.0
        },
        {
          "rms": 0.8498657941818237,
          "peak_amplitude": 1.0,
          "dynamic_range": 2.0,
          "mean_amplitude": -0.009718379937112331,
          "std_amplitude": 0.8498102426528931,
          "skewness": -0.020235653653875516,
          "kurtosis": -1.8152667974897392,
          "zero_crossings": 3,
          "total_energy": 144.45437622070312,
          "signal_power": 0.7222718596458435,