mse,mae,rmse,snr,psnr,amplitude_envelope_similarity,phase_coherence,correlation,frequency_response
"{'mean': 1.4774994554131158, 'std': 0.6946009598614236, 'min': 0.196925088763237, 'max': 3.1280007362365723, 'median': 1.4623233079910278}","{'mean': 0.9733186114047255, 'std': 0.2812059669890323, 'min': 0.3360699713230133, 'max': 1.665185809135437, 'median': 0.9955081641674042}","{'mean': 1.176916659809649, 'std': 0.30391878880787965, 'min': 0.4437624216079712, 'max': 1.768615484237671, 'median': 1.2092593312263489}","{'mean': -1.0815607243940966, 'std': 2.5077923535781603, 'min': -4.952668249607086, 'max': 7.056989669799805, 'median': -1.6503437608480453}","{'mean': -1.0815608501434326, 'std': 2.5077924728393555, 'min': -4.9526686668396, 'max': 7.056989669799805, 'median': -1.650343894958496}","{'mean': 0.10777777047037593, 'std': 0.24605791617193765, 'min': -0.47653930712278414, 'max': 0.6857203063492516, 'median': 0.0937622086992857}","{'mean': 0.369422108833849, 'std': 0.1948508042875576, 'min': -0.0141488405842074, 'max': 0.8490092863731332, 'median': 0.3496025218206505}","{'pearson_r': {'mean': 0.08130578270065061, 'std': 0.4419063050219589}}","{'frequency_mse': {'mean': 62.17613983154297, 'std': 35.197731018066406}}"
