mse,mae,rmse,snr,psnr,amplitude_envelope_similarity,phase_coherence,correlation,frequency_response
"{'mean': 1.998116930325826, 'std': 0.09978177900578947, 'min': 1.776626706123352, 'max': 2.1408700942993164, 'median': 2.0085947513580322}","{'mean': 1.1585405468940735, 'std': 0.03982392363239483, 'min': 1.0629521608352661, 'max': 1.2124251127243042, 'median': 1.169257938861847}","{'mean': 1.4130991796652477, 'std': 0.035604166751473425, 'min': 1.3329015970230103, 'max': 1.4631712436676025, 'median': 1.4172396659851074}","{'mean': -3.0006618797779083, 'std': 0.22086906785004276, 'min': -3.3059030771255493, 'max': -2.495962083339691, 'median': -3.0288079380989075}","{'mean': -3.000661849975586, 'std': 0.22086907923221588, 'min': -3.3059029579162598, 'max': -2.495961904525757, 'median': -3.028808116912842}","{'mean': 0.005204869218452644, 'std': 0.02559301759709343, 'min': -0.03849708376598154, 'max': 0.0547281867076487, 'median': 0.00019827074298752693}","{'mean': 0.3158315400265394, 'std': 0.041352386507320454, 'min': 0.22905947290773576, 'max': 0.3789806832606909, 'median': 0.31884428271331355}","{'pearson_r': {'mean': -0.0074407554165866335, 'std': 0.050673112144590166}}","{'frequency_mse': {'mean': 296.4195861816406, 'std': 21.189651489257812}}"
