{
  "total_batches": 325,
  "total_samples": 10392,
  "reconstruction": {
    "spectral_mse_std_mean": 15.9511056658117,
    "spectral_mse_std_std": 6.279431592731037,
    "spectral_mse_std_min": 4.647472425086964,
    "spectral_mse_std_max": 35.984493295139025,
    "spectral_mse_std_median": 15.338007764126427,
    "spectral_mse_mean": 18.731031231404533,
    "spectral_mse_std": 5.9951345567031655,
    "spectral_mse_min": 7.0687245640407355,
    "spectral_mse_max": 40.831709603502894,
    "spectral_mse_median": 17.672115832692626,
    "phase_coherence_mean": 0.7581940753437864,
    "phase_coherence_std": 0.0929240458332122,
    "phase_coherence_min": 0.42685483309191724,
    "phase_coherence_max": 0.942663919214088,
    "phase_coherence_median": 0.7710266584489776,
    "pearson_corr_std_mean": 0.07487157548257288,
    "pearson_corr_std_std": 0.028950534629145163,
    "pearson_corr_std_min": 0.021892674069207495,
    "pearson_corr_std_max": 0.1632051851268772,
    "pearson_corr_std_median": 0.07173126775570635,
    "pearson_corr_mean": 0.8972709013161655,
    "pearson_corr_std": 0.02924854697152167,
    "pearson_corr_min": 0.7649993214080388,
    "pearson_corr_max": 0.95073770095825,
    "pearson_corr_median": 0.9016928692914556,
    "phase_coherence_std_mean": 0.5143950827945827,
    "phase_coherence_std_std": 0.10545420927368669,
    "phase_coherence_std_min": 0.2202296220706959,
    "phase_coherence_std_max": 0.8092330162621731,
    "phase_coherence_std_median": 0.5162165154187321
  },
  "peaks": {
    "existence_accuracy_mean": 0.7888461538461539,
    "existence_accuracy_std": 0.16264598585878576,
    "existence_accuracy_min": 0.0,
    "existence_accuracy_max": 1.0,
    "existence_accuracy_median": 0.8125,
    "existence_f1_mean": 0.8705060934743963,
    "existence_f1_std": 0.12888347879387368,
    "existence_f1_min": 0.0,
    "existence_f1_max": 1.0,
    "existence_f1_median": 0.896551724137931,
    "amplitude_r2_mean": NaN,
    "amplitude_r2_std": NaN,
    "amplitude_r2_min": NaN,
    "amplitude_r2_max": NaN,
    "amplitude_r2_median": NaN,
    "latency_r2_mean": NaN,
    "latency_r2_std": NaN,
    "latency_r2_min": NaN,
    "latency_r2_max": NaN,
    "latency_r2_median": NaN,
    "existence_auc_mean": 0.2364565880742866,
    "existence_auc_std": 0.16321755192069617,
    "existence_auc_min": 0.0,
    "existence_auc_max": 0.8225806451612903,
    "existence_auc_median": 0.2
  },
  "classification": {
    "f1_i\u0307ti\u0307k_mean": 0.06249818969674055,
    "f1_i\u0307ti\u0307k_std": 0.1955625864506617,
    "f1_i\u0307ti\u0307k_min": 0.0,
    "f1_i\u0307ti\u0307k_max": 1.0,
    "f1_i\u0307ti\u0307k_median": 0.0,
    "f1_n\u00f6ropati\u0307_mean": 0.002732953321188615,
    "f1_n\u00f6ropati\u0307_std": 0.026753785735334806,
    "f1_n\u00f6ropati\u0307_min": 0.0,
    "f1_n\u00f6ropati\u0307_max": 0.3636363636363636,
    "f1_n\u00f6ropati\u0307_median": 0.0,
    "weighted_f1_mean": 0.845487748293478,
    "weighted_f1_std": 0.2034827429593814,
    "weighted_f1_min": 0.0,
    "weighted_f1_max": 1.0,
    "weighted_f1_median": 0.9364583333333333,
    "micro_f1_mean": 0.8222115384615385,
    "micro_f1_std": 0.20527605348918485,
    "micro_f1_min": 0.0,
    "micro_f1_max": 1.0,
    "micro_f1_median": 0.90625,
    "f1_normal_mean": 0.8722720961683664,
    "f1_normal_std": 0.23830607365906878,
    "f1_normal_min": 0.0,
    "f1_normal_max": 1.0,
    "f1_normal_median": 0.967741935483871,
    "balanced_accuracy_mean": 0.7779941005220951,
    "balanced_accuracy_std": 0.23080107069996675,
    "balanced_accuracy_min": 0.0,
    "balanced_accuracy_max": 1.0,
    "balanced_accuracy_median": 0.875,
    "f1_total_mean": 0.02904203040822505,
    "f1_total_std": 0.11378919283995012,
    "f1_total_min": 0.0,
    "f1_total_max": 0.8,
    "f1_total_median": 0.0,
    "accuracy_mean": 0.8222115384615385,
    "accuracy_std": 0.20527605348918485,
    "accuracy_min": 0.0,
    "accuracy_max": 1.0,
    "accuracy_median": 0.90625,
    "f1_sni\u0307k_mean": 0.10753291002581637,
    "f1_sni\u0307k_std": 0.25538394428464156,
    "f1_sni\u0307k_min": 0.0,
    "f1_sni\u0307k_max": 0.9523809523809523,
    "f1_sni\u0307k_median": 0.0,
    "macro_f1_mean": 0.21481563592406744,
    "macro_f1_std": 0.06595894198356933,
    "macro_f1_min": 0.0,
    "macro_f1_max": 0.4593103448275862,
    "macro_f1_median": 0.19682539682539682
  },
  "threshold": {
    "error_25th_mean": -42.305048041710485,
    "error_25th_std": 48.831849995682404,
    "error_25th_min": -179.05402374267578,
    "error_25th_max": 70.44699668884277,
    "error_25th_median": -47.240036964416504,
    "r2_mean": -1.1989253554154378,
    "r2_std": 9.095135349501884,
    "r2_min": -121.04307595147652,
    "r2_max": 0.03644419534510668,
    "r2_median": -0.2319662123523345,
    "error_75th_mean": 98.90635259518257,
    "error_75th_std": 52.87390515659003,
    "error_75th_min": -170.74517440795898,
    "error_75th_max": 155.91632843017578,
    "error_75th_median": 120.66295051574707,
    "pearson_corr_mean": -0.29078429883544615,
    "pearson_corr_std": 0.32961256479962153,
    "pearson_corr_min": -0.8142941900117165,
    "pearson_corr_max": 0.7651206845786144,
    "pearson_corr_median": -0.397101903463176,
    "pearson_p_value_mean": 0.13640819623131584,
    "pearson_p_value_std": 0.23939625126201494,
    "pearson_p_value_min": 1.4299471007881715e-08,
    "pearson_p_value_max": 0.9940302244016851,
    "pearson_p_value_median": 0.015732937037892473
  },
  "failure_modes": {
    "false_peak_detected": 2196,
    "missed_peak_detected": 0,
    "threshold_overestimated": 6379,
    "threshold_underestimated": 3799,
    "severe_class_mismatch": 643,
    "normal_as_severe": 278
  },
  "failure_rates": {
    "false_peak_detected_rate": 0.2113163972286374,
    "missed_peak_detected_rate": 0.0,
    "threshold_overestimated_rate": 0.6138375673595073,
    "threshold_underestimated_rate": 0.36556966897613546,
    "severe_class_mismatch_rate": 0.061874518860662045,
    "normal_as_severe_rate": 0.026751347190146265
  }
}