{
  "mse_mean": 0.005552640156789887,
  "mse_std": 0.00886952478451768,
  "mse_median": 0.002447230275720358,
  "mse_min": 6.384958055605239e-07,
  "mse_max": 0.08496406674385071,
  "l1_mean": 0.047912215892995394,
  "l1_std": 0.036512070962718884,
  "l1_median": 0.03952786698937416,
  "l1_min": 0.0006401738501153886,
  "l1_max": 0.2539474368095398,
  "corr_mean": 0.9190165691921155,
  "corr_std": 0.16103202743482345,
  "corr_median": 0.9693405628204346,
  "corr_min": -0.8151854872703552,
  "corr_max": 0.9999922513961792,
  "snr_db_mean": -Infinity,
  "snr_db_std": NaN,
  "snr_db_median": 12.133766174316406,
  "snr_db_min": -Infinity,
  "snr_db_max": 47.90153121948242,
  "stft_l1_mean": 0.08958014119821874,
  "stft_l1_std": 0.05892354607545714,
  "stft_l1_median": 0.07857115566730499,
  "stft_l1_min": 0.00196073018014431,
  "stft_l1_max": 0.37643587589263916,
  "dtw_mean": 5.42021351987122,
  "dtw_std": 5.0704852421543345,
  "dtw_median": 3.8627147290389985,
  "dtw_min": 0.12772089609643444,
  "dtw_max": 45.31293852068484,
  "mode": "reconstruction",
  "num_samples": 7673,
  "checkpoint_path": "checkpoints/abr_transformer/abr_vpred_base_best.pt",
  "checkpoint_epoch": 96,
  "model_config": {
    "input_channels": 1,
    "static_dim": 4,
    "sequence_length": 200,
    "d_model": 256,
    "n_layers": 6,
    "n_heads": 8,
    "ff_mult": 4,
    "dropout": 0.1,
    "use_timestep_cond": true,
    "use_static_film": true
  },
  "evaluation_config": {
    "seed": 1337,
    "device": "cuda",
    "log_dir": "runs/abr_transformer",
    "exp_name": "abr_eval",
    "data": {
      "val_csv": "data/processed/ultimate_dataset_with_clinical_thresholds.pkl",
      "test_csv": "",
      "sequence_length": 200,
      "static_order": [
        "Age",
        "Intensity",
        "Stimulus Rate",
        "FMP"
      ]
    },
    "model": {
      "input_channels": 1,
      "static_dim": 4,
      "sequence_length": 200,
      "d_model": 256,
      "n_layers": 6,
      "n_heads": 8,
      "ff_mult": 4,
      "dropout": 0.1,
      "use_timestep_cond": true,
      "use_static_film": true
    },
    "checkpoint": {
      "path": "checkpoints/abr_transformer/abr_vpred_base_best.pt",
      "use_ema": true
    },
    "diffusion": {
      "num_train_steps": 1000,
      "schedule": "cosine",
      "sample_steps": 60,
      "ddim_eta": 0.0
    },
    "modes": {
      "reconstruction": true,
      "generation": true
    },
    "loader": {
      "batch_size": 128,
      "num_workers": 8,
      "pin_memory": true
    },
    "metrics": {
      "use_stft": true,
      "stft": {
        "n_fft": 64,
        "hop_length": 16,
        "win_length": 64
      },
      "use_dtw": true,
      "use_corr": true,
      "use_snr": true,
      "peaks": {
        "enable_if_available": true,
        "find_peaks": {
          "height_sigma": 1.0,
          "min_distance": 6
        },
        "latency_windows": {
          "I": [
            20,
            50
          ],
          "III": [
            70,
            110
          ],
          "V": [
            130,
            170
          ]
        }
      }
    },
    "report": {
      "out_dir": "results/abr_eval",
      "save_csv": true,
      "csv_prefix": "eval",
      "save_topk_examples": 12,
      "tensorboard": {
        "write_scalars": true,
        "write_figures": true,
        "write_audio": false,
        "audio_sample_rate": 20000
      }
    },
    "advanced": {
      "num_seeds": 1,
      "reconstruction": {
        "timestep_strategy": "uniform",
        "fixed_timestep": 500
      },
      "generation": {
        "cfg_scale": 1.0
      },
      "max_samples": null
    },
    "viz": {
      "waveform_plots": true,
      "denormalize_for_plots": true,
      "spectrogram_plots": true,
      "spectrogram_params": {
        "n_fft": 64,
        "hop_length": 16,
        "win_length": 64
      },
      "error_plots": true,
      "scatter_plots": true,
      "figsize": [
        12,
        8
      ],
      "dpi": 100,
      "max_plots_per_figure": 8
    },
    "logging": {
      "console_level": "INFO",
      "save_config": true,
      "save_model_summary": true
    }
  }
}