{
  "timestamp": "2025-08-05T03:09:23.415995",
  "evaluation_time_seconds": 55.047101736068726,
  "model_info": {
    "model_class": "OptimizedHierarchicalUNet",
    "total_parameters": 80298680,
    "trainable_parameters": 80298680,
    "device": "cuda"
  },
  "dataset_info": {
    "num_samples": 5358,
    "signal_shape": [
      200
    ],
    "num_classes": 5,
    "has_uncertainty": false
  },
  "signal_quality": {
    "basic_metrics": {
      "mse": 3.6178600788116455,
      "mae": 1.507786750793457,
      "rmse": 1.9020673171083209,
      "correlation_mean": NaN,
      "correlation_std": NaN,
      "snr_mean_db": -Infinity,
      "snr_std_db": NaN,
      "dtw_distance_mean": 1.489490441083908,
      "dtw_distance_std": 0.06405717319843872
    },
    "spectral_metrics": {
      "spectral_correlation": -0.12898200750350952,
      "spectral_mse": 3.4728647270983233
    },
    "temporal_metrics": {
      "peak_count_correlation": -0.09625819733615897,
      "peak_count_mae": 12.05
    },
    "perceptual_metrics": {}
  },
  "classification": {
    "basic_metrics": {
      "accuracy": 0.7980589772303098,
      "f1_macro": 0.17753788665144282,
      "f1_weighted": 0.7084285212034056
    },
    "per_class_metrics": {
      "0": {
        "precision": 0.7980589772303098,
        "recall": 1.0,
        "f1-score": 0.8876894332572141,
        "support": 4276.0
      },
      "1": {
        "precision": 0.0,
        "recall": 0.0,
        "f1-score": 0.0,
        "support": 18.0
      },
      "2": {
        "precision": 0.0,
        "recall": 0.0,
        "f1-score": 0.0,
        "support": 599.0
      },
      "3": {
        "precision": 0.0,
        "recall": 0.0,
        "f1-score": 0.0,
        "support": 142.0
      },
      "4": {
        "precision": 0.0,
        "recall": 0.0,
        "f1-score": 0.0,
        "support": 323.0
      },
      "accuracy": 0.7980589772303098,
      "macro avg": {
        "precision": 0.15961179544606197,
        "recall": 0.2,
        "f1-score": 0.17753788665144282,
        "support": 5358.0
      },
      "weighted avg": {
        "precision": 0.6368981311378882,
        "recall": 0.7980589772303098,
        "f1-score": 0.7084285212034056,
        "support": 5358.0
      }
    },
    "confusion_matrix": {
      "matrix": [
        [
          4276,
          0,
          0,
          0,
          0
        ],
        [
          18,
          0,
          0,
          0,
          0
        ],
        [
          599,
          0,
          0,
          0,
          0
        ],
        [
          142,
          0,
          0,
          0,
          0
        ],
        [
          323,
          0,
          0,
          0,
          0
        ]
      ],
      "normalized": [
        [
          1.0,
          0.0,
          0.0,
          0.0,
          0.0
        ],
        [
          1.0,
          0.0,
          0.0,
          0.0,
          0.0
        ],
        [
          1.0,
          0.0,
          0.0,
          0.0,
          0.0
        ],
        [
          1.0,
          0.0,
          0.0,
          0.0,
          0.0
        ],
        [
          1.0,
          0.0,
          0.0,
          0.0,
          0.0
        ]
      ]
    },
    "roc_analysis": {
      "per_class_auc": {
        "0": 0.6156142308270898,
        "1": 0.6687369954223887,
        "2": 0.613580068482843,
        "3": 0.4141374319536853,
        "4": 0.5823812261537658
      },
      "macro_auc": 0.5788899905679545
    },
    "confidence_analysis": {
      "mean_confidence_correct": 0.5238775610923767,
      "mean_confidence_incorrect": 0.5237064957618713,
      "confidence_correlation_with_accuracy": 0.11777471511139033
    }
  },
  "peak_detection": {
    "existence_metrics": {
      "accuracy": 0.7601717058603956,
      "f1_score": 0.4318736083130103
    },
    "latency_metrics": {
      "mae_ms": 1.3496906757354736,
      "rmse_ms": 1.7290408613408064,
      "correlation": NaN,
      "mean_error_ms": 0.15479746460914612
    },
    "amplitude_metrics": {
      "mae_uv": 0.33878764510154724,
      "rmse_uv": 0.3661722391662675,
      "correlation": NaN,
      "mean_error_uv": 0.330907940864563
    },
    "timing_accuracy": {
      "within_0_5ms_percent": 21.532040265160816,
      "within_1_0ms_percent": 40.928062852933955,
      "mean_timing_error_ms": 1.3496906757354736,
      "std_timing_error_ms": 1.0807024240493774
    }
  },
  "threshold_regression": {
    "regression_metrics": {
      "mae_db": 14.904304504394531,
      "rmse_db": 22.31627326069686,
      "r2_score": -0.08258819580078125,
      "correlation": 0.3837292790412903,
      "mean_error_db": -6.165683269500732,
      "std_error_db": 21.44761848449707
    },
    "clinical_metrics": {
      "category_accuracy": 0.5533781261664801,
      "category_f1_score": 0.14249669590291963,
      "confusion_matrix": [
        [
          2965,
          0,
          0,
          0,
          0
        ],
        [
          1345,
          0,
          0,
          0,
          0
        ],
        [
          865,
          0,
          0,
          0,
          0
        ],
        [
          39,
          0,
          0,
          0,
          0
        ],
        [
          144,
          0,
          0,
          0,
          0
        ]
      ]
    },
    "error_analysis": {
      "within_5db_percent": 28.163493840985442,
      "within_10db_percent": 49.30944382232176,
      "within_15db_percent": 67.80515117581187,
      "max_error_db": 93.52965545654297,
      "percentile_95_error_db": 46.36656188964844,
      "percentile_99_error_db": 86.90711975097656
    }
  },
  "uncertainty": {
    "message": "No uncertainty information available"
  },
  "clinical_analysis": {
    "diagnostic_accuracy": {
      "overall_accuracy": 0.5533781261664801,
      "diagnosis_report": {
        "Mild Loss": {
          "precision": 0.0,
          "recall": 0.0,
          "f1-score": 0.0,
          "support": 1345.0
        },
        "Moderate Loss": {
          "precision": 0.0,
          "recall": 0.0,
          "f1-score": 0.0,
          "support": 865.0
        },
        "Normal": {
          "precision": 0.5533781261664801,
          "recall": 1.0,
          "f1-score": 0.7124834795145981,
          "support": 2965.0
        },
        "Profound Loss": {
          "precision": 0.0,
          "recall": 0.0,
          "f1-score": 0.0,
          "support": 144.0
        },
        "Severe Loss": {
          "precision": 0.0,
          "recall": 0.0,
          "f1-score": 0.0,
          "support": 39.0
        },
        "accuracy": 0.5533781261664801,
        "macro avg": {
          "precision": 0.11067562523329602,
          "recall": 0.2,
          "f1-score": 0.14249669590291963,
          "support": 5358.0
        },
        "weighted avg": {
          "precision": 0.3062273505195247,
          "recall": 0.5533781261664801,
          "f1-score": 0.3942727728183619,
          "support": 5358.0
        }
      }
    },
    "clinical_correlation": {},
    "agreement_analysis": {
      "bias_db": -6.165683269500732,
      "limits_of_agreement_db": [
        -48.20301818847656,
        35.87165069580078
      ],
      "within_limits_percent": 92.94512877939529
    }
  },
  "demographic_analysis": {},
  "summary_metrics": {
    "overall_score": 0.0
  },
  "recommendations": [
    "Model performance is excellent across all metrics!"
  ]
}